{
  "0": {
    "n_train": 0,
    "gsm8k": 0.05,
    "train_time": 0.0
  },
  "10": {
    "n_train": 10,
    "gsm8k": 0.19,
    "train_time": 131.82580971717834
  },
  "30": {
    "n_train": 30,
    "gsm8k": 0.29,
    "train_time": 464.25558042526245
  },
  "300": {
    "n_train": 300,
    "gsm8k": 0.24,
    "train_time": 4392.321466684341
  }
}