{
  "0.0": {
    "gsm8k": 0.06,
    "mmlu": 0.5625
  },
  "0.1": {
    "gsm8k": 0.06,
    "mmlu": 0.5625
  },
  "0.2": {
    "gsm8k": 0.08,
    "mmlu": 0.5416666666666666
  },
  "0.3": {
    "gsm8k": 0.08,
    "mmlu": 0.5416666666666666
  },
  "0.4": {
    "gsm8k": 0.2,
    "mmlu": 0.5625
  },
  "0.5": {
    "gsm8k": 0.28,
    "mmlu": 0.5
  },
  "0.6": {
    "gsm8k": 0.32,
    "mmlu": 0.5208333333333334
  },
  "0.7": {
    "gsm8k": 0.4,
    "mmlu": 0.4166666666666667
  },
  "0.8": {
    "gsm8k": 0.28,
    "mmlu": 0.3333333333333333
  },
  "0.9": {
    "gsm8k": 0.28,
    "mmlu": 0.20833333333333334
  },
  "1.0": {
    "gsm8k": 0.34,
    "mmlu": 0.1875
  }
}